Date,Day,Start Time,End Time,Total,Task / Description
3/30/2026,Monday,8:00 PM,11:00 PM,3,Reviewed parent-page spelling and grammar updates and organized standalone Landscaping site requirements.
3/31/2026,Tuesday,8:30 PM,11:30 PM,3,Refined Landscaping home and contact page structure and reviewed dedicated-domain behavior needs.
4/1/2026,Wednesday,7:30 PM,11:30 PM,4,Audited request-form workflow, checked notification routing, and tested service request handling behavior.
4/2/2026,Thursday,4:00 PM,9:00 PM,5,Implemented dedicated Landscaping-site routing behavior and improved direct service request flow presentation.
4/3/2026,Friday,8:00 PM,12:00 AM,4,Moved auto detailing to the top focus on the main page and polished customer-facing service copy.
4/4/2026,Saturday,7:30 PM,10:30 PM,3,Reviewed website security posture, added security protections, and updated vulnerable dependencies.
4/5/2026,Sunday,8:00 PM,11:00 PM,3,Documented security findings and prepared the weekly report, evidence summary, and hours log.
,,,,,
,,,,25,
